product, price
Vintage Gas Can with handle,$20
Vintage Teal CHAIR - vintage cadillac CHAIR,$350
SIBERIAN HUSKY,$1000
Murray Panel 225 AMP NEMA 1 Indoor Main Lug Load Center 3 phase,$125
Kohler Toilet Tank Lid,$20
RV Inline Sanitizer,$20
Vintage Gas Can With Handle,$20
Britax Travel System B lively retail,$160
large DRUMS SET,$225
micro film processing,$280
Wilson "Sting" Tennis Racket,$20
Buck Knife 500 model,$25
Zara Abercrombie And Fitch Gap Pimkie Tilly‚Äôs Girl 14 16 women XS,$80
::: SALE:   TEA CUP  SAUCER SETS,$0
MALE BODY FORM - DISPLAY - Fashion,$30
We are the Factory*custom vinyl windows n doors,$0
Cedar lined wood box,$35
Harry potter gryffindor XS from universal studio,$80
Spectacular Uttermost $462 aged Prisca mirror,$375
Ballard design eldrige lightning lamp retail $657,$150
Bugaboo Cameleon Stroller in dark grey Hot pink canopy included,$300
RED WAGON,$150
Disney 50th Anniversary Watch with box works and looks greatüëç,$60
14 Panel Baby Playpen - Kids Safety Playard Indoor outdoor,$100
Craftsman Tool Box Tool Chest Work Station,$399
Plastic Suitcase Handles,$1
American coastal lamintae flooring 12 boxes,$250
Vintage tools 3 pieces,$35
Pigs,$200
Lot of 6 / Outdoor PATIO FURNITURE CHAIRS chair,$250
------ LONG RANGE RADIO,$100
Vintage Jacket with belt wrap Mens Size 42,$40
AIR FILTER K&N 2000 NISSAN MAXIMA,$20
=‚óÜ= "Salvadore Ferragamo"  LADIES CLOTH SHOE BAGS,$20
Lot of 12 vintage Christmas Blow Mold LIGHT UP YARD DECOR  Vintage,$699
Dell Latitude E5510 15.6" Core i5-M560 2.67GHz 4GB 320GB WiFi # show c,$175
HUGE HOLIDAY SALE!!!custom vinyl windows and patio doors,$0
Craftsman Tools,$25
lot of FOUR GOLF CLUBS - Club Driver and Fairway Wood,$150
Google Home Mini Aqua,$28
WROUGHT IRON ENTRY DOORS,$2695
Montgomery Ward Airline Radio Phono Hi Fi,$50
Brass and Copper Fittings,$1
Vintage Jacket made in Spain,$40
Bistro Set - Patio Garden SET - 3pc  Metal. Not iron,$300
WROUGHT IRON ENTRY DOORS,$2695
We are the Factory*custom vinyl windows n doors,$0
Brand new Archer Dining Table + Optional Chairs /Extending table,$775
CORBY PANTS PRESS - CORBY TROUSER PRESS  Model 4400C,$250
Yamaha NS-10 tweeter model JA0518A,$100
Easy Spirit Leather Boots,$35
HOLLYWOOD REGENCY CRUSHED VELVET SOFA,$300
Mophie 3 Port PowerStation works greatüëç,$75
WROUGHT IRON ENTRY DOORS,$2695
WROUGHT IRON ENTRY DOORS,$2695
Aircomfort Zero Gravity Chair by Relax the Back,$2995
WROUGHT IRON ENTRY DOORS,$2695
6 Volt Chevy Gen,$175
Beautiful Black Piano,$2100
10 custom vinyl windows installed for only,$2988
AIR INLET HOSE-NISSAN,$30
WROUGHT IRON ENTRY DOORS,$2695
6 Shelf - Tall Boy  Barrister‚Äôs Cabinet - GLASS Cabinet,$750
Mophie Powerstation XXL 3 ports 20000 Mah works great used lightly,$75
Wicker or Rattan PATIO GARDEN TABLE,$185
1991 Ernie Ball Music Man Silhouette,$1900
Armitron Watch works great,$45
1950s PAYPHONE - 3 slot - Rotary Telephone - Chrome,$300
brand new twin bed frame and headboard in box,$260
Nice stylish chair,$22
Dresser and two night stands,$415
Colonial style Love Seat WooD Bench,$125
Mophie Powerstation XXL 3 ports 20000 Mah works great used lightly,$75
Royal Antique Typewriter,$75
Moving Sale,$77
1959 Princess TYPEWRITER,$500
Vintage Scott 299B Stereo Integrated Tube Amplifier,$1100
Armitron Watch works great,$45
Specialized Rockhopper BIKE Bicycle,$400
GE top-freezer refrigerator,$250
We Share Amazon Coupon Deal Codes & Savings 30-80% Off-Community Group,$1
&&& GREAT PRICE ON WASHER DRYER AND STACKABLE &&&,$130
TABLE FAN - RED ANTIQUE,$175
Cigar Travel Case,$25
Pair of Chromcraft Bar / Counter Chairs,$50
1972 MGB GT,$12500
Vintage Fishing Lure Made in Japan,$20
PlayStation 3 and fender guitar w/ dongle conyrollers and games,$200
Cigar Travel Case,$25
Lexus GS400,$7900
Gothic Gorgeous 19th Century Victorian Cast  Iron Ornate Coat Rack,$1200
Mechanical LEPRECHAUN with GOLD CHEST  Electrical,$375
Small Fridge made by Haier works great,$90
Brand New Recliner Looks GREAT,$199
Vintage Coca-Cola machine,$500
Shoes Size 10 Women's,$3
2007-2013 Mercedes Benz S550-S600-S63( Leather Trim Panel),$130
Smart Shower Head with Temperature display,$10
Hub Cap Lexus Wheel Center Chrome 2-1/2" - Santa Clarita,$20
Brand New Ashworth Golf Pullover Blue Size Mens Large,$20
Couch,$225
Goodyear Tires Used 215/60/R16 95V - 215 60 R16 95V - Valencia,$30
Furniture clothes etc,$250
Beatles Collectors Cards Brand New Packs,$20
Goodyear 215/60/R16 '95V' 16" Used Tires - 215 60 R16 Valencia SCV,$30
Mustang Airbags RH/LH 1999 - 2004,$150
Cigar Travel Case,$25
Lexus Hub Cap - Chrome 2-1/2" - Santa Clarita,$20
Disney 50th Anniversary Watch with Box,$60
Camp Chair,$10
Professional Truck Drivers Ring Not Gold Size 8,$25
GREEK KEY „Äì Modern Mid-Century CHIP & DIP SET,$12
Rock and Roll Par lights,$15
Supreme x LV Airpod Case,$40
Folding Stadium Chair,$10
Armitron Watch works great,$45
Dog cat carrier,$20
16 Honda CRV,$16500
LIFETIME Folding Chair,$5
Medical Movie Props,$1
